{
  "metadata": {
    "schemaVersion": "1.0",
    "importType": "LEX",
    "importFormat": "JSON"
  },
  "resource": {
    "description": "A category for how risky one would like his/her investment strategy to be.",
    "name": "riskLevel",
    "version": "2",
    "enumerationValues": [
      {
        "value": "High",
        "synonyms": [
          "much",
          "lots",
          "very"
        ]
      },
      {
        "value": "Very Low",
        "synonyms": [
          "really little, minimal"
        ]
      },
      {
        "value": "Maximum",
        "synonyms": [
          "most",
          "extreme",
          "alot",
          "max",
          "all",
          "super"
        ]
      },
      {
        "value": "Low",
        "synonyms": [
          "small",
          "little"
        ]
      },
      {
        "value": "Medium",
        "synonyms": [
          "average",
          "basic",
          "general"
        ]
      },
      {
        "value": "None",
        "synonyms": [
          "no",
          "n/a",
          "zero"
        ]
      },
      {
        "value": "Minimal",
        "synonyms": [
          "some"
        ]
      }
    ],
    "valueSelectionStrategy": "TOP_RESOLUTION"
  }
}